{
  "requestString": "f.req=%5B%5B%5B%22i0OFE%22%2C%22%5Bnull%2Cnull%2C%5C%22COUNTRY_CODE%5C%22%2C0%2C%5C%22en%5C%22%2CTIME_PERIOD%2C1%5D%22%2Cnull%2C%22generic%22%5D%5D%5D",
  "countryCodes": {
    "AL": { "name": "Albania", "states": [] },
    "DZ": { "name": "Algeria", "states": [] },
    "AO": { "name": "Angola", "states": [] },
    "AR": {
      "name": "Argentina",
      "states": [
        { "code": "AR-C", "name": "Autonomous City of Buenos Aires" },
        { "code": "AR-B", "name": "Buenos Aires Province" },
        { "code": "AR-K", "name": "Catamarca Province" },
        { "code": "AR-H", "name": "Chaco Province" },
        { "code": "AR-U", "name": "Chubut Province" },
        { "code": "AR-X", "name": "Córdoba" },
        { "code": "AR-W", "name": "Corrientes Province" },
        { "code": "AR-E", "name": "Entre Rios" },
        { "code": "AR-P", "name": "Formosa Province" },
        { "code": "AR-Y", "name": "Jujuy" },
        { "code": "AR-L", "name": "La Pampa Province" },
        { "code": "AR-F", "name": "La Rioja Province" },
        { "code": "AR-M", "name": "Mendoza Province" },
        { "code": "AR-N", "name": "Misiones Province" },
        { "code": "AR-Q", "name": "Neuquén" },
        { "code": "AR-R", "name": "Río Negro" },
        { "code": "AR-A", "name": "Salta Province" },
        { "code": "AR-J", "name": "San Juan Province" },
        { "code": "AR-D", "name": "San Luis Province" },
        { "code": "AR-Z", "name": "Santa Cruz Province" },
        { "code": "AR-S", "name": "Santa Fé" },
        { "code": "AR-G", "name": "Santiago del Estero Province" },
        { "code": "AR-V", "name": "Tierra del Fuego Province" },
        { "code": "AR-T", "name": "Tucumán" }
      ]
    },
    "AM": { "name": "Armenia", "states": [] },
    "AU": {
      "name": "Australia",
      "states": [
        { "code": "AU-ACT", "name": "Australian Capital Territory" },
        { "code": "AU-NSW", "name": "New South Wales" },
        { "code": "AU-NT", "name": "Northern Territory" },
        { "code": "AU-QLD", "name": "Queensland" },
        { "code": "AU-SA", "name": "South Australia" },
        { "code": "AU-TAS", "name": "Tasmania" },
        { "code": "AU-VIC", "name": "Victoria" },
        { "code": "AU-WA", "name": "Western Australia" }
      ]
    },
    "AT": {
      "name": "Austria",
      "states": [
        { "code": "AT-1", "name": "Burgenland" },
        { "code": "AT-2", "name": "Carinthia" },
        { "code": "AT-3", "name": "Lower Austria" },
        { "code": "AT-5", "name": "Salzburg" },
        { "code": "AT-6", "name": "Styria" },
        { "code": "AT-7", "name": "Tyrol" },
        { "code": "AT-4", "name": "Upper Austria" },
        { "code": "AT-9", "name": "Vienna" },
        { "code": "AT-8", "name": "Vorarlberg" }
      ]
    },
    "AZ": { "name": "Azerbaijan", "states": [] },
    "BH": { "name": "Bahrain", "states": [] },
    "BD": { "name": "Bangladesh", "states": [] },
    "BY": { "name": "Belarus", "states": [] },
    "BE": {
      "name": "Belgium",
      "states": [
        { "code": "BE-BRU", "name": "Brussels" },
        { "code": "BE-VLG", "name": "Flanders" },
        { "code": "BE-WAL", "name": "Walloon Region" }
      ]
    },
    "BJ": { "name": "Benin", "states": [] },
    "BO": { "name": "Bolivia", "states": [] },
    "BA": { "name": "Bosnia & Herzegovina", "states": [] },
    "BR": {
      "name": "Brazil",
      "states": [
        { "code": "BR-CE", "name": "Ceará" },
        { "code": "BR-DF", "name": "Federal District" },
        { "code": "BR-MA", "name": "Maranhão" },
        { "code": "BR-PB", "name": "Paraíba" },
        { "code": "BR-PR", "name": "Paraná" },
        { "code": "BR-PI", "name": "Piauí" },
        { "code": "BR-AC", "name": "State of Acre" },
        { "code": "BR-AL", "name": "State of Alagoas" },
        { "code": "BR-AP", "name": "State of Amapá" },
        { "code": "BR-AM", "name": "State of Amazonas" },
        { "code": "BR-BA", "name": "State of Bahia" },
        { "code": "BR-ES", "name": "State of Espírito Santo" },
        { "code": "BR-GO", "name": "State of Goiás" },
        { "code": "BR-MT", "name": "State of Mato Grosso" },
        { "code": "BR-MS", "name": "State of Mato Grosso do Sul" },
        { "code": "BR-MG", "name": "State of Minas Gerais" },
        { "code": "BR-PA", "name": "State of Pará" },
        { "code": "BR-PE", "name": "State of Pernambuco" },
        { "code": "BR-RJ", "name": "State of Rio de Janeiro" },
        { "code": "BR-RN", "name": "State of Rio Grande do Norte" },
        { "code": "BR-RS", "name": "State of Rio Grande do Sul" },
        { "code": "BR-RO", "name": "State of Rondônia" },
        { "code": "BR-RR", "name": "State of Roraima" },
        { "code": "BR-SC", "name": "State of Santa Catarina" },
        { "code": "BR-SP", "name": "State of São Paulo" },
        { "code": "BR-SE", "name": "State of Sergipe" },
        { "code": "BR-TO", "name": "State of Tocantins" }
      ]
    },
    "BG": { "name": "Bulgaria", "states": [] },
    "BF": { "name": "Burkina Faso", "states": [] },
    "KH": { "name": "Cambodia", "states": [] },
    "CM": { "name": "Cameroon", "states": [] },
    "CA": {
      "name": "Canada",
      "states": [
        { "code": "CA-AB", "name": "Alberta" },
        { "code": "CA-BC", "name": "British Columbia" },
        { "code": "CA-MB", "name": "Manitoba" },
        { "code": "CA-NB", "name": "New Brunswick" },
        { "code": "CA-NL", "name": "Newfoundland and Labrador" },
        { "code": "CA-NT", "name": "Northwest Territories" },
        { "code": "CA-NS", "name": "Nova Scotia" },
        { "code": "CA-NU", "name": "Nunavut" },
        { "code": "CA-ON", "name": "Ontario" },
        { "code": "CA-PE", "name": "Prince Edward Island" },
        { "code": "CA-QC", "name": "Québec" },
        { "code": "CA-SK", "name": "Saskatchewan" },
        { "code": "CA-YT", "name": "Yukon" }
      ]
    },
    "CL": {
      "name": "Chile",
      "states": [
        { "code": "CL-AN", "name": "Antofagasta Region" },
        { "code": "CL-AR", "name": "Araucania" },
        { "code": "CL-AP", "name": "Arica y Parinacota Region" },
        { "code": "CL-AT", "name": "Atacama Region" },
        { "code": "CL-BI", "name": "Biobío" },
        { "code": "CL-CO", "name": "Coquimbo Region" },
        { "code": "CL-LL", "name": "Los Lagos Region" },
        { "code": "CL-LR", "name": "Los Ríos Region" },
        { "code": "CL-MA", "name": "Magallanes y la Antártica Chilena Region" },
        { "code": "CL-ML", "name": "Maule Region" },
        { "code": "CL-LI", "name": "O'Higgins Region" },
        { "code": "CL-RM", "name": "Santiago Metropolitan Region" },
        { "code": "CL-TA", "name": "Tarapacá Region" },
        { "code": "CL-VS", "name": "Valparaíso" },
        { "code": "CL-AI", "name": "XI Región" }
      ]
    },
    "CO": {
      "name": "Colombia",
      "states": [
        { "code": "CO-AMA", "name": "Amazonas Department" },
        { "code": "CO-ANT", "name": "Antioquia" },
        { "code": "CO-ARA", "name": "Arauca" },
        { "code": "CO-ATL", "name": "Atlántico" },
        { "code": "CO-DC", "name": "Bogota" },
        { "code": "CO-BOL", "name": "Bolivar" },
        { "code": "CO-BOY", "name": "Boyacá" },
        { "code": "CO-CAL", "name": "Caldas" },
        { "code": "CO-CAQ", "name": "Caquetá" },
        { "code": "CO-CAS", "name": "Casanare" },
        { "code": "CO-CAU", "name": "Cauca Department" },
        { "code": "CO-CES", "name": "Cesar" },
        { "code": "CO-CHO", "name": "Chocó" },
        { "code": "CO-COR", "name": "Córdoba" },
        { "code": "CO-CUN", "name": "Cundinamarca" },
        { "code": "CO-GUA", "name": "Guainia" },
        { "code": "CO-GUV", "name": "Guaviare" },
        { "code": "CO-HUI", "name": "Huila" },
        { "code": "CO-LAG", "name": "La Guajira" },
        { "code": "CO-MAG", "name": "Magdalena" },
        { "code": "CO-MET", "name": "Meta" },
        { "code": "CO-NAR", "name": "Narino" },
        { "code": "CO-NSA", "name": "North Santander" },
        { "code": "CO-PUT", "name": "Putumayo" },
        { "code": "CO-QUI", "name": "Quindío" },
        { "code": "CO-RIS", "name": "Risaralda" },
        { "code": "CO-SAP", "name": "San Andrés and Providencia" },
        { "code": "CO-SAN", "name": "Santander Department" },
        { "code": "CO-SUC", "name": "Sucre" },
        { "code": "CO-TOL", "name": "Tolima" },
        { "code": "CO-VAC", "name": "Valle del Cauca" },
        { "code": "CO-VAU", "name": "Vaupés" },
        { "code": "CO-VID", "name": "Vichada" }
      ]
    },
    "CD": { "name": "Congo - Kinshasa", "states": [] },
    "CR": { "name": "Costa Rica", "states": [] },
    "CI": { "name": "Côte d’Ivoire", "states": [] },
    "HR": { "name": "Croatia", "states": [] },
    "CU": { "name": "Cuba", "states": [] },
    "CY": { "name": "Cyprus", "states": [] },
    "CZ": { "name": "Czechia", "states": [] },
    "DK": {
      "name": "Denmark",
      "states": [
        { "code": "DK-84", "name": "Capital Region of Denmark" },
        { "code": "DK-82", "name": "Central Denmark Region" },
        { "code": "DK-81", "name": "North Jutland" },
        { "code": "DK-83", "name": "Region Syddanmark" },
        { "code": "DK-85", "name": "Region Zealand" }
      ]
    },
    "DO": { "name": "Dominican Republic", "states": [] },
    "EC": {
      "name": "Ecuador",
      "states": [
        { "code": "EC-A", "name": "Azuay" },
        { "code": "EC-B", "name": "Bolívar Province" },
        { "code": "EC-F", "name": "Cañar" },
        { "code": "EC-C", "name": "Carchi Province" },
        { "code": "EC-H", "name": "Chimborazo Province" },
        { "code": "EC-X", "name": "Cotopaxi Province" },
        { "code": "EC-O", "name": "El Oro" },
        { "code": "EC-E", "name": "Esmeraldas Province" },
        { "code": "EC-W", "name": "Galápagos Islands" },
        { "code": "EC-G", "name": "Guayas" },
        { "code": "EC-I", "name": "Imbabura Province" },
        { "code": "EC-L", "name": "Loja" },
        { "code": "EC-R", "name": "Los Ríos Province" },
        { "code": "EC-M", "name": "Manabí" },
        { "code": "EC-S", "name": "Morona-Santiago Province" },
        { "code": "EC-D", "name": "Orellana Province" },
        { "code": "EC-Y", "name": "Pastaza Province" },
        { "code": "EC-P", "name": "Pichincha" },
        { "code": "EC-N", "name": "Provincia de Napo" },
        { "code": "EC-SE", "name": "Santa Elena Province" },
        { "code": "EC-SD", "name": "Santo Domingo de los Tsáchilas Province" },
        { "code": "EC-U", "name": "Sucumbíos" },
        { "code": "EC-T", "name": "Tungurahua" },
        { "code": "EC-Z", "name": "Zamora-Chinchipe Province" }
      ]
    },
    "EG": {
      "name": "Egypt",
      "states": [
        { "code": "EG-ALX", "name": "Alexandria Governorate" },
        { "code": "EG-SHR", "name": "Ash Sharqia Governorate" },
        { "code": "EG-AST", "name": "Assiut Governorate" },
        { "code": "EG-ASN", "name": "Aswan Governorate" },
        { "code": "EG-BNS", "name": "Beni Suef Governorate" },
        { "code": "EG-C", "name": "Cairo Governorate" },
        { "code": "EG-DK", "name": "Dakahlia Governorate" },
        { "code": "EG-DT", "name": "Damietta Governorate" },
        { "code": "EG-BH", "name": "El Beheira Governorate" },
        { "code": "EG-FYM", "name": "Faiyum Governorate" },
        { "code": "EG-GH", "name": "Gharbia Governorate" },
        { "code": "EG-GZ", "name": "Giza Governorate" },
        { "code": "EG-IS", "name": "Ismailia Governorate" },
        { "code": "EG-KFS", "name": "Kafr el-Sheikh" },
        { "code": "EG-LX", "name": "Luxor Governorate" },
        { "code": "EG-MT", "name": "Matrouh Governorate" },
        { "code": "EG-MN", "name": "Menia Governorate" },
        { "code": "EG-MNF", "name": "Monufia Governorate" },
        { "code": "EG-WAD", "name": "New Valley Governorate" },
        { "code": "EG-PTS", "name": "Port Said Governorate" },
        { "code": "EG-KB", "name": "Qalyubia Governorate" },
        { "code": "EG-KN", "name": "Qena" },
        { "code": "EG-BA", "name": "Red Sea Governorate" },
        { "code": "EG-SIN", "name": "Shamal Sina" },
        { "code": "EG-SHG", "name": "Sohag Governorate" },
        { "code": "EG-JS", "name": "South Sinai Governorate" },
        { "code": "EG-SUZ", "name": "Suez" }
      ]
    },
    "SV": { "name": "El Salvador", "states": [] },
    "EE": { "name": "Estonia", "states": [] },
    "ET": { "name": "Ethiopia", "states": [] },
    "FI": { "name": "Finland", "states": [] },
    "FR": {
      "name": "France",
      "states": [
        { "code": "FR-A", "name": "Alsace" },
        { "code": "FR-B", "name": "Aquitaine" },
        { "code": "FR-C", "name": "Auvergne" },
        { "code": "FR-E", "name": "Brittany" },
        { "code": "FR-D", "name": "Burgundy" },
        { "code": "FR-F", "name": "Centre-Val de Loire" },
        { "code": "FR-G", "name": "Champagne-Ardenne" },
        { "code": "FR-H", "name": "Corsica" },
        { "code": "FR-I", "name": "Franche-Comté" },
        { "code": "FR-J", "name": "Île-de-France" },
        { "code": "FR-K", "name": "Languedoc-Roussillon" },
        { "code": "FR-L", "name": "Limousin" },
        { "code": "FR-M", "name": "Lorraine" },
        { "code": "FR-P", "name": "Lower Normandy" },
        { "code": "FR-N", "name": "Midi-Pyrénées" },
        { "code": "FR-O", "name": "Nord-Pas-de-Calais" },
        { "code": "FR-R", "name": "Pays de la Loire" },
        { "code": "FR-S", "name": "Picardy" },
        { "code": "FR-T", "name": "Poitou-Charentes" },
        { "code": "FR-U", "name": "Provence-Alpes-Côte d'Azur" },
        { "code": "FR-V", "name": "Rhone-Alpes" },
        { "code": "FR-Q", "name": "Upper Normandy" },
        { "code": "FR-01", "name": "Ain" },
        { "code": "FR-02", "name": "Aisne" },
        { "code": "FR-03", "name": "Allier" },
        { "code": "FR-04", "name": "Alpes-de-Haute-Provence" },
        { "code": "FR-05", "name": "Hautes-Alpes" },
        { "code": "FR-06", "name": "Alpes-Maritimes" },
        { "code": "FR-07", "name": "Ardèche" },
        { "code": "FR-08", "name": "Ardennes" },
        { "code": "FR-09", "name": "Ariège" },
        { "code": "FR-10", "name": "Aube" },
        { "code": "FR-11", "name": "Aude" },
        { "code": "FR-12", "name": "Aveyron" },
        { "code": "FR-13", "name": "Bouches-du-Rhône" },
        { "code": "FR-14", "name": "Calvados" },
        { "code": "FR-15", "name": "Cantal" },
        { "code": "FR-16", "name": "Charente" },
        { "code": "FR-17", "name": "Charente-Maritime" },
        { "code": "FR-18", "name": "Cher" },
        { "code": "FR-19", "name": "Corrèze" },
        { "code": "FR-21", "name": "Côte-d'Or" },
        { "code": "FR-22", "name": "Côtes-d'Armor" },
        { "code": "FR-23", "name": "Creuse" },
        { "code": "FR-24", "name": "Dordogne" },
        { "code": "FR-25", "name": "Doubs" },
        { "code": "FR-26", "name": "Drôme" },
        { "code": "FR-27", "name": "Eure" },
        { "code": "FR-28", "name": "Eure-et-Loir" },
        { "code": "FR-29", "name": "Finistère" },
        { "code": "FR-30", "name": "Gard" },
        { "code": "FR-31", "name": "Haute-Garonne" },
        { "code": "FR-32", "name": "Gers" },
        { "code": "FR-33", "name": "Gironde" },
        { "code": "FR-34", "name": "Hérault" },
        { "code": "FR-35", "name": "Ille-et-Vilaine" },
        { "code": "FR-36", "name": "Indre" },
        { "code": "FR-37", "name": "Indre-et-Loire" },
        { "code": "FR-38", "name": "Isère" },
        { "code": "FR-39", "name": "Jura" },
        { "code": "FR-40", "name": "Landes" },
        { "code": "FR-41", "name": "Loir-et-Cher" },
        { "code": "FR-42", "name": "Loire" },
        { "code": "FR-43", "name": "Haute-Loire" },
        { "code": "FR-44", "name": "Loire-Atlantique" },
        { "code": "FR-45", "name": "Loiret" },
        { "code": "FR-46", "name": "Lot" },
        { "code": "FR-47", "name": "Lot-et-Garonne" },
        { "code": "FR-48", "name": "Lozère" },
        { "code": "FR-49", "name": "Maine-et-Loire" },
        { "code": "FR-50", "name": "Manche" },
        { "code": "FR-51", "name": "Marne" },
        { "code": "FR-52", "name": "Haute-Marne" },
        { "code": "FR-53", "name": "Mayenne" },
        { "code": "FR-54", "name": "Meurthe-et-Moselle" },
        { "code": "FR-55", "name": "Meuse" },
        { "code": "FR-56", "name": "Morbihan" },
        { "code": "FR-57", "name": "Moselle" },
        { "code": "FR-58", "name": "Nièvre" },
        { "code": "FR-59", "name": "Nord" },
        { "code": "FR-60", "name": "Oise" },
        { "code": "FR-61", "name": "Orne" },
        { "code": "FR-62", "name": "Pas-de-Calais" },
        { "code": "FR-63", "name": "Puy-de-Dôme" },
        { "code": "FR-64", "name": "Pyrénées-Atlantiques" },
        { "code": "FR-65", "name": "Hautes-Pyrénées" },
        { "code": "FR-66", "name": "Pyrénées-Orientales" },
        { "code": "FR-67", "name": "Bas-Rhin" },
        { "code": "FR-68", "name": "Haut-Rhin" },
        { "code": "FR-69", "name": "Rhône" },
        { "code": "FR-70", "name": "Haute-Saône" },
        { "code": "FR-71", "name": "Saône-et-Loire" },
        { "code": "FR-72", "name": "Sarthe" },
        { "code": "FR-73", "name": "Savoie" },
        { "code": "FR-74", "name": "Haute-Savoie" },
        { "code": "FR-75", "name": "Paris" },
        { "code": "FR-76", "name": "Seine-Maritime" },
        { "code": "FR-77", "name": "Seine-et-Marne" },
        { "code": "FR-78", "name": "Yvelines" },
        { "code": "FR-79", "name": "Deux-Sèvres" },
        { "code": "FR-80", "name": "Somme" },
        { "code": "FR-81", "name": "Tarn" },
        { "code": "FR-82", "name": "Tarn-et-Garonne" },
        { "code": "FR-83", "name": "Var" },
        { "code": "FR-84", "name": "Vaucluse" },
        { "code": "FR-85", "name": "Vendée" },
        { "code": "FR-86", "name": "Vienne" },
        { "code": "FR-87", "name": "Haute-Vienne" },
        { "code": "FR-88", "name": "Vosges" },
        { "code": "FR-89", "name": "Yonne" },
        { "code": "FR-90", "name": "Territoire de Belfort" },
        { "code": "FR-91", "name": "Essonne" },
        { "code": "FR-92", "name": "Hauts-de-Seine" },
        { "code": "FR-93", "name": "Seine-Saint-Denis" },
        { "code": "FR-94", "name": "Val-de-Marne" },
        { "code": "FR-95", "name": "Val-d'Oise" },
        { "code": "FR-2A", "name": "Corse-du-Sud" },
        { "code": "FR-2B", "name": "Haute-Corse" }
      ]
    },
    "GE": { "name": "Georgia", "states": [] },
    "DE": {
      "name": "Germany",
      "states": [
        { "code": "DE-BW", "name": "Baden-Württemberg" },
        { "code": "DE-BY", "name": "Bavaria" },
        { "code": "DE-BE", "name": "Berlin" },
        { "code": "DE-BB", "name": "Brandenburg" },
        { "code": "DE-HB", "name": "Bremen" },
        { "code": "DE-HH", "name": "Hamburg" },
        { "code": "DE-HE", "name": "Hesse" },
        { "code": "DE-NI", "name": "Lower Saxony" },
        { "code": "DE-MV", "name": "Mecklenburg-Vorpommern" },
        { "code": "DE-NW", "name": "North Rhine-Westphalia" },
        { "code": "DE-RP", "name": "Rhineland-Palatinate" },
        { "code": "DE-SL", "name": "Saarland" },
        { "code": "DE-SN", "name": "Saxony" },
        { "code": "DE-ST", "name": "Saxony-Anhalt" },
        { "code": "DE-SH", "name": "Schleswig-Holstein" },
        { "code": "DE-TH", "name": "Thuringia" }
      ]
    },
    "GH": { "name": "Ghana", "states": [] },
    "GR": { "name": "Greece", "states": [] },
    "GT": { "name": "Guatemala", "states": [] },
    "HT": { "name": "Haiti", "states": [] },
    "HN": { "name": "Honduras", "states": [] },
    "HK": { "name": "Hong Kong", "states": [] },
    "HU": { "name": "Hungary", "states": [] },
    "IN": {
      "name": "India",
      "states": [
        { "code": "IN-AN", "name": "Andaman and Nicobar Islands" },
        { "code": "IN-AP", "name": "Andhra Pradesh" },
        { "code": "IN-AR", "name": "Arunachal Pradesh" },
        { "code": "IN-AS", "name": "Assam" },
        { "code": "IN-BR", "name": "Bihar" },
        { "code": "IN-CH", "name": "Chandigarh" },
        { "code": "IN-CT", "name": "Chhattisgarh" },
        { "code": "IN-DN", "name": "Dadra and Nagar Haveli" },
        { "code": "IN-DD", "name": "Daman and Diu" },
        { "code": "IN-DL", "name": "Delhi" },
        { "code": "IN-GA", "name": "Goa" },
        { "code": "IN-GJ", "name": "Gujarat" },
        { "code": "IN-HR", "name": "Haryana" },
        { "code": "IN-HP", "name": "Himachal Pradesh" },
        { "code": "IN-JK", "name": "Jammu & Kashmir" },
        { "code": "IN-JH", "name": "Jharkhand" },
        { "code": "IN-KA", "name": "Karnataka" },
        { "code": "IN-KL", "name": "Kerala" },
        { "code": "IN-LD", "name": "Lakshadweep" },
        { "code": "IN-MP", "name": "Madhya Pradesh" },
        { "code": "IN-MH", "name": "Maharashtra" },
        { "code": "IN-MN", "name": "Manipur" },
        { "code": "IN-ML", "name": "Meghalaya" },
        { "code": "IN-MZ", "name": "Mizoram" },
        { "code": "IN-NL", "name": "Nagaland" },
        { "code": "IN-OR", "name": "Odisha" },
        { "code": "IN-PY", "name": "Puducherry" },
        { "code": "IN-PB", "name": "Punjab" },
        { "code": "IN-RJ", "name": "Rajasthan" },
        { "code": "IN-SK", "name": "Sikkim" },
        { "code": "IN-TN", "name": "Tamil Nadu" },
        { "code": "IN-TG", "name": "Telangana" },
        { "code": "IN-TR", "name": "Tripura" },
        { "code": "IN-UP", "name": "Uttar Pradesh" },
        { "code": "IN-UT", "name": "Uttarakhand" },
        { "code": "IN-WB", "name": "West Bengal" }
      ]
    },
    "ID": {
      "name": "Indonesia",
      "states": [
        { "code": "ID-AC", "name": "Aceh" },
        { "code": "ID-BA", "name": "Bali" },
        { "code": "ID-BB", "name": "Bangka-Belitung" },
        { "code": "ID-BT", "name": "Banten" },
        { "code": "ID-BE", "name": "Bengkulu" },
        { "code": "ID-JT", "name": "Central Java" },
        { "code": "ID-KT", "name": "Central Kalimantan" },
        { "code": "ID-ST", "name": "Central Sulawesi" },
        { "code": "ID-JI", "name": "East Java" },
        { "code": "ID-KI", "name": "East Kalimantan" },
        { "code": "ID-NT", "name": "East Nusa Tenggara" },
        { "code": "ID-GO", "name": "Gorontalo" },
        { "code": "ID-JA", "name": "Jambi" },
        { "code": "ID-LA", "name": "Lampung" },
        { "code": "ID-MA", "name": "Maluku" },
        { "code": "ID-KU", "name": "North Kalimantan" },
        { "code": "ID-MU", "name": "North Maluku" },
        { "code": "ID-SA", "name": "North Sulawesi" },
        { "code": "ID-SU", "name": "North Sumatra" },
        { "code": "ID-PA", "name": "Papua" },
        { "code": "ID-RI", "name": "Riau" },
        { "code": "ID-KR", "name": "Riau Islands" },
        { "code": "ID-SG", "name": "South East Sulawesi" },
        { "code": "ID-KS", "name": "South Kalimantan" },
        { "code": "ID-SN", "name": "South Sulawesi" },
        { "code": "ID-SS", "name": "South Sumatra" },
        { "code": "ID-JK", "name": "Special Capital Region of Jakarta" },
        { "code": "ID-YO", "name": "Special Region of Yogyakarta" },
        { "code": "ID-JB", "name": "West Java" },
        { "code": "ID-KB", "name": "West Kalimantan" },
        { "code": "ID-NB", "name": "West Nusa Tenggara" },
        { "code": "ID-PB", "name": "West Papua" },
        { "code": "ID-SR", "name": "West Sulawesi" },
        { "code": "ID-SB", "name": "West Sumatra" }
      ]
    },
    "IR": { "name": "Iran", "states": [] },
    "IQ": { "name": "Iraq", "states": [] },
    "IE": { "name": "Ireland", "states": [] },
    "IL": {
      "name": "Israel",
      "states": [
        { "code": "IL-M", "name": "Center District" },
        { "code": "IL-HA", "name": "Haifa" },
        { "code": "IL-JM", "name": "Jerusalem" },
        { "code": "IL-Z", "name": "North District" },
        { "code": "IL-D", "name": "South District" },
        { "code": "IL-TA", "name": "Tel Aviv District" }
      ]
    },
    "IT": {
      "name": "Italy",
      "states": [
        { "code": "IT-65", "name": "Abruzzo" },
        { "code": "IT-23", "name": "Aosta" },
        { "code": "IT-75", "name": "Apulia" },
        { "code": "IT-77", "name": "Basilicata" },
        { "code": "IT-78", "name": "Calabria" },
        { "code": "IT-72", "name": "Campania" },
        { "code": "IT-45", "name": "Emilia-Romagna" },
        { "code": "IT-36", "name": "Friuli-Venezia Giulia" },
        { "code": "IT-62", "name": "Lazio" },
        { "code": "IT-42", "name": "Liguria" },
        { "code": "IT-25", "name": "Lombardy" },
        { "code": "IT-57", "name": "Marche" },
        { "code": "IT-67", "name": "Molise" },
        { "code": "IT-21", "name": "Piedmont" },
        { "code": "IT-88", "name": "Sardinia" },
        { "code": "IT-82", "name": "Sicily" },
        { "code": "IT-32", "name": "Trentino-Alto Adige/South Tyrol" },
        { "code": "IT-52", "name": "Tuscany" },
        { "code": "IT-55", "name": "Umbria" },
        { "code": "IT-34", "name": "Veneto" }
      ]
    },
    "JM": { "name": "Jamaica", "states": [] },
    "JP": {
      "name": "Japan",
      "states": [
        { "code": "JP-23", "name": "Aichi Prefecture" },
        { "code": "JP-05", "name": "Akita Prefecture" },
        { "code": "JP-02", "name": "Aomori Prefecture" },
        { "code": "JP-12", "name": "Chiba Prefecture" },
        { "code": "JP-38", "name": "Ehime Prefecture" },
        { "code": "JP-18", "name": "Fukui Prefecture" },
        { "code": "JP-40", "name": "Fukuoka Prefecture" },
        { "code": "JP-07", "name": "Fukushima Prefecture" },
        { "code": "JP-21", "name": "Gifu Prefecture" },
        { "code": "JP-10", "name": "Gunma Prefecture" },
        { "code": "JP-34", "name": "Hiroshima Prefecture" },
        { "code": "JP-01", "name": "Hokkaido Prefecture" },
        { "code": "JP-28", "name": "Hyōgo" },
        { "code": "JP-08", "name": "Ibaraki Prefecture" },
        { "code": "JP-17", "name": "Ishikawa Prefecture" },
        { "code": "JP-03", "name": "Iwate Prefecture" },
        { "code": "JP-37", "name": "Kagawa Prefecture" },
        { "code": "JP-46", "name": "Kagoshima Prefecture" },
        { "code": "JP-14", "name": "Kanagawa Prefecture" },
        { "code": "JP-39", "name": "Kochi Prefecture" },
        { "code": "JP-43", "name": "Kumamoto Prefecture" },
        { "code": "JP-26", "name": "Kyoto Prefecture" },
        { "code": "JP-24", "name": "Mie Prefecture" },
        { "code": "JP-04", "name": "Miyagi Prefecture" },
        { "code": "JP-45", "name": "Miyazaki Prefecture" },
        { "code": "JP-20", "name": "Nagano Prefecture" },
        { "code": "JP-42", "name": "Nagasaki Prefecture" },
        { "code": "JP-29", "name": "Nara Prefecture" },
        { "code": "JP-15", "name": "Niigata Prefecture" },
        { "code": "JP-44", "name": "Oita Prefecture" },
        { "code": "JP-33", "name": "Okayama Prefecture" },
        { "code": "JP-47", "name": "Okinawa Prefecture" },
        { "code": "JP-27", "name": "Osaka Prefecture" },
        { "code": "JP-41", "name": "Saga Prefecture" },
        { "code": "JP-11", "name": "Saitama Prefecture" },
        { "code": "JP-25", "name": "Shiga Prefecture" },
        { "code": "JP-32", "name": "Shimane Prefecture" },
        { "code": "JP-22", "name": "Shizuoka Prefecture" },
        { "code": "JP-09", "name": "Tochigi Prefecture" },
        { "code": "JP-36", "name": "Tokushima Prefecture" },
        { "code": "JP-13", "name": "Tokyo" },
        { "code": "JP-31", "name": "Tottori Prefecture" },
        { "code": "JP-16", "name": "Toyama Prefecture" },
        { "code": "JP-30", "name": "Wakayama Prefecture" },
        { "code": "JP-06", "name": "Yamagata Prefecture" },
        { "code": "JP-35", "name": "Yamaguchi Prefecture" },
        { "code": "JP-19", "name": "Yamanashi Prefecture" }
      ]
    },
    "JO": { "name": "Jordan", "states": [] },
    "KZ": { "name": "Kazakhstan", "states": [] },
    "KE": { "name": "Kenya", "states": [] },
    "KW": { "name": "Kuwait", "states": [] },
    "KG": { "name": "Kyrgyzstan", "states": [] },
    "LV": { "name": "Latvia", "states": [] },
    "LB": { "name": "Lebanon", "states": [] },
    "LY": { "name": "Libya", "states": [] },
    "LT": { "name": "Lithuania", "states": [] },
    "MY": {
      "name": "Malaysia",
      "states": [
        { "code": "MY-14", "name": "Federal Territory of Kuala Lumpur" },
        { "code": "MY-01", "name": "Johor" },
        { "code": "MY-02", "name": "Kedah" },
        { "code": "MY-03", "name": "Kelantan" },
        { "code": "MY-15", "name": "Labuan" },
        { "code": "MY-04", "name": "Malacca" },
        { "code": "MY-05", "name": "Negeri Sembilan" },
        { "code": "MY-06", "name": "Pahang" },
        { "code": "MY-07", "name": "Penang" },
        { "code": "MY-08", "name": "Perak" },
        { "code": "MY-09", "name": "Perlis" },
        { "code": "MY-16", "name": "Putrajaya" },
        { "code": "MY-12", "name": "Sabah" },
        { "code": "MY-13", "name": "Sarawak" },
        { "code": "MY-10", "name": "Selangor" },
        { "code": "MY-11", "name": "Terengganu" }
      ]
    },
    "ML": { "name": "Mali", "states": [] },
    "MX": {
      "name": "Mexico",
      "states": [
        { "code": "MX-AGU", "name": "Aguascalientes" },
        { "code": "MX-BCN", "name": "Baja California" },
        { "code": "MX-BCS", "name": "Baja California Sur" },
        { "code": "MX-CAM", "name": "Campeche" },
        { "code": "MX-CHP", "name": "Chiapas" },
        { "code": "MX-CHH", "name": "Chihuahua" },
        { "code": "MX-COA", "name": "Coahuila" },
        { "code": "MX-COL", "name": "Colima" },
        { "code": "MX-DUR", "name": "Durango" },
        { "code": "MX-GUA", "name": "Guanajuato" },
        { "code": "MX-GRO", "name": "Guerrero" },
        { "code": "MX-HID", "name": "Hidalgo" },
        { "code": "MX-JAL", "name": "Jalisco" },
        { "code": "MX-DIF", "name": "Mexico City" },
        { "code": "MX-MIC", "name": "Michoacán" },
        { "code": "MX-MOR", "name": "Morelos" },
        { "code": "MX-NAY", "name": "Nayarit" },
        { "code": "MX-NLE", "name": "Nuevo León" },
        { "code": "MX-OAX", "name": "Oaxaca" },
        { "code": "MX-PUE", "name": "Puebla" },
        { "code": "MX-QUE", "name": "Querétaro" },
        { "code": "MX-ROO", "name": "Quintana Roo" },
        { "code": "MX-SLP", "name": "San Luis Potosí" },
        { "code": "MX-SIN", "name": "Sinaloa" },
        { "code": "MX-SON", "name": "Sonora" },
        { "code": "MX-MEX", "name": "State of Mexico" },
        { "code": "MX-TAB", "name": "Tabasco" },
        { "code": "MX-TAM", "name": "Tamaulipas" },
        { "code": "MX-TLA", "name": "Tlaxcala" },
        { "code": "MX-VER", "name": "Veracruz" },
        { "code": "MX-YUC", "name": "Yucatán" },
        { "code": "MX-ZAC", "name": "Zacatecas" }
      ]
    },
    "MD": { "name": "Moldova", "states": [] },
    "MA": { "name": "Morocco", "states": [] },
    "MZ": { "name": "Mozambique", "states": [] },
    "MM": { "name": "Myanmar (Burma)", "states": [] },
    "NP": { "name": "Nepal", "states": [] },
    "NL": {
      "name": "Netherlands",
      "states": [
        { "code": "NL-DR", "name": "Drenthe" },
        { "code": "NL-FL", "name": "Flevoland" },
        { "code": "NL-FR", "name": "Friesland" },
        { "code": "NL-GE", "name": "Gelderland" },
        { "code": "NL-GR", "name": "Groningen" },
        { "code": "NL-LI", "name": "Limburg" },
        { "code": "NL-NB", "name": "North Brabant" },
        { "code": "NL-NH", "name": "North Holland" },
        { "code": "NL-OV", "name": "Overijssel" },
        { "code": "NL-ZH", "name": "South Holland" },
        { "code": "NL-UT", "name": "Utrecht" },
        { "code": "NL-ZE", "name": "Zeeland" }
      ]
    },
    "NZ": {
      "name": "New Zealand",
      "states": [
        { "code": "NZ-AUK", "name": "Auckland" },
        { "code": "NZ-BOP", "name": "Bay Of Plenty" },
        { "code": "NZ-CAN", "name": "Canterbury" },
        { "code": "NZ-GIS", "name": "Gisborne" },
        { "code": "NZ-HKB", "name": "Hawke's Bay" },
        { "code": "NZ-MWT", "name": "Manawatu-Wanganui" },
        { "code": "NZ-MBH", "name": "Marlborough" },
        { "code": "NZ-NSN", "name": "Nelson" },
        { "code": "NZ-NTL", "name": "Northland" },
        { "code": "NZ-OTA", "name": "Otago" },
        { "code": "NZ-STL", "name": "Southland" },
        { "code": "NZ-TKI", "name": "Taranaki" },
        { "code": "NZ-TAS", "name": "Tasman District" },
        { "code": "NZ-WKO", "name": "Waikato" },
        { "code": "NZ-WGN", "name": "Wellington" },
        { "code": "NZ-WTC", "name": "West Coast" }
      ]
    },
    "NI": { "name": "Nicaragua", "states": [] },
    "NG": {
      "name": "Nigeria",
      "states": [
        { "code": "NG-AB", "name": "Abia" },
        { "code": "NG-AD", "name": "Adamawa" },
        { "code": "NG-AK", "name": "Akwa Ibom" },
        { "code": "NG-AN", "name": "Anambra" },
        { "code": "NG-BA", "name": "Bauchi" },
        { "code": "NG-BY", "name": "Bayelsa" },
        { "code": "NG-BE", "name": "Benue" },
        { "code": "NG-BO", "name": "Borno" },
        { "code": "NG-CR", "name": "Cross River" },
        { "code": "NG-DE", "name": "Delta" },
        { "code": "NG-EB", "name": "Ebonyi State" },
        { "code": "NG-ED", "name": "Edo" },
        { "code": "NG-EK", "name": "Ekiti" },
        { "code": "NG-EN", "name": "Enugu" },
        { "code": "NG-FC", "name": "Federal Capital Territory" },
        { "code": "NG-GO", "name": "Gombe" },
        { "code": "NG-IM", "name": "Imo" },
        { "code": "NG-JI", "name": "Jigawa" },
        { "code": "NG-KD", "name": "Kaduna" },
        { "code": "NG-KN", "name": "Kano" },
        { "code": "NG-KT", "name": "Katsina" },
        { "code": "NG-KE", "name": "Kebbi" },
        { "code": "NG-KO", "name": "Kogi" },
        { "code": "NG-KW", "name": "Kwara" },
        { "code": "NG-LA", "name": "Lagos" },
        { "code": "NG-NA", "name": "Nasarawa" },
        { "code": "NG-OG", "name": "Ogun State" },
        { "code": "NG-ON", "name": "Ondo" },
        { "code": "NG-OS", "name": "Osun State" },
        { "code": "NG-OY", "name": "Oyo" },
        { "code": "NG-PL", "name": "Plateau" },
        { "code": "NG-NI", "name": "Republic of Niger" },
        { "code": "NG-RI", "name": "Rivers" },
        { "code": "NG-SO", "name": "Sokoto" },
        { "code": "NG-TA", "name": "Taraba" },
        { "code": "NG-YO", "name": "Yobe" },
        { "code": "NG-ZA", "name": "Zamfara" }
      ]
    },
    "MK": { "name": "North Macedonia", "states": [] },
    "NO": { "name": "Norway", "states": [] },
    "OM": { "name": "Oman", "states": [] },
    "PK": {
      "name": "Pakistan",
      "states": [
        { "code": "PK-JK", "name": "Azad Kashmir" },
        { "code": "PK-BA", "name": "Balochistan" },
        { "code": "PK-TA", "name": "Federally Administered Tribal Areas" },
        { "code": "PK-GB", "name": "Gilgit-Baltistan" },
        { "code": "PK-IS", "name": "Islamabad Capital Territory" },
        { "code": "PK-KP", "name": "Khyber Pakhtunkhwa" },
        { "code": "PK-PB", "name": "Punjab" },
        { "code": "PK-SD", "name": "Sindh" }
      ]
    },
    "PS": { "name": "Palestine", "states": [] },
    "PA": { "name": "Panama", "states": [] },
    "PY": { "name": "Paraguay", "states": [] },
    "PE": {
      "name": "Peru",
      "states": [
        { "code": "PE-AMA", "name": "Amazonas" },
        { "code": "PE-ANC", "name": "Ancash" },
        { "code": "PE-APU", "name": "Apurímac" },
        { "code": "PE-ARE", "name": "Arequipa" },
        { "code": "PE-AYA", "name": "Ayacucho" },
        { "code": "PE-CAJ", "name": "Cajamarca" },
        { "code": "PE-CAL", "name": "Callao" },
        { "code": "PE-CUS", "name": "Cusco" },
        { "code": "PE-HUV", "name": "Huancavelica" },
        { "code": "PE-HUC", "name": "Huánuco" },
        { "code": "PE-ICA", "name": "Ica" },
        { "code": "PE-JUN", "name": "Junín" },
        { "code": "PE-LAL", "name": "La Libertad" },
        { "code": "PE-LAM", "name": "Lambayeque" },
        { "code": "PE-LIM", "name": "Lima Region" },
        { "code": "PE-LOR", "name": "Loreto" },
        { "code": "PE-MDD", "name": "Madre de Dios" },
        { "code": "PE-MOQ", "name": "Moquegua" },
        { "code": "PE-PAS", "name": "Pasco" },
        { "code": "PE-PIU", "name": "Piura" },
        { "code": "PE-PUN", "name": "Puno" },
        { "code": "PE-SAM", "name": "San Marino" },
        { "code": "PE-TAC", "name": "Tacna" },
        { "code": "PE-TUM", "name": "Tumbes" },
        { "code": "PE-UCA", "name": "Ucayali" }
      ]
    },
    "PH": {
      "name": "Philippines",
      "states": [
        { "code": "PH-14", "name": "Autonomous Region in Muslim Mindanao" },
        { "code": "PH-05", "name": "Bicol" },
        { "code": "PH-02", "name": "Cagayan Valley" },
        { "code": "PH-40", "name": "Calabarzon" },
        { "code": "PH-13", "name": "Caraga" },
        { "code": "PH-03", "name": "Central Luzon" },
        { "code": "PH-07", "name": "Central Visayas" },
        { "code": "PH-15", "name": "Cordillera Administrative Region" },
        { "code": "PH-11", "name": "Davao Region" },
        { "code": "PH-08", "name": "Eastern Visayas" },
        { "code": "PH-01", "name": "Ilocos Region" },
        { "code": "PH-00", "name": "Metro Manila" },
        { "code": "PH-41", "name": "MIMAROPA" },
        { "code": "PH-10", "name": "Northern Mindanao" },
        { "code": "PH-12", "name": "Region XII" },
        { "code": "PH-06", "name": "Western Visayas" },
        { "code": "PH-09", "name": "Zamboanga Peninsula" }
      ]
    },
    "PL": {
      "name": "Poland",
      "states": [
        { "code": "PL-WP", "name": "Greater Poland Voivodeship" },
        { "code": "PL-KP", "name": "Kuyavian-Pomeranian Voivodeship" },
        { "code": "PL-MA", "name": "Lesser Poland Voivodeship" },
        { "code": "PL-LD", "name": "Łódź Voivodeship" },
        { "code": "PL-DS", "name": "Lower Silesian Voivodeship" },
        { "code": "PL-LU", "name": "Lublin Voivodeship" },
        { "code": "PL-LB", "name": "Lubusz Voivodeship" },
        { "code": "PL-MZ", "name": "Masovian Voivodeship" },
        { "code": "PL-OP", "name": "Opole Voivodeship" },
        { "code": "PL-PD", "name": "Podlaskie Voivodeship" },
        { "code": "PL-PM", "name": "Pomeranian Voivodeship" },
        { "code": "PL-SL", "name": "Silesian Voivodeship" },
        { "code": "PL-PK", "name": "Subcarpathian Voivodeship" },
        { "code": "PL-SK", "name": "Swietokrzyskie" },
        { "code": "PL-WN", "name": "Warmian-Masurian Voivodeship" },
        { "code": "PL-ZP", "name": "West Pomeranian Voivodeship" }
      ]
    },
    "PT": {
      "name": "Portugal",
      "states": [
        { "code": "PT-01", "name": "Aveiro District" },
        { "code": "PT-20", "name": "Azores" },
        { "code": "PT-02", "name": "Beja District" },
        { "code": "PT-03", "name": "Braga" },
        { "code": "PT-04", "name": "Bragança District" },
        { "code": "PT-05", "name": "Castelo Branco District" },
        { "code": "PT-06", "name": "Coimbra District" },
        { "code": "PT-07", "name": "Évora District" },
        { "code": "PT-08", "name": "Faro District" },
        { "code": "PT-09", "name": "Guarda District" },
        { "code": "PT-10", "name": "Leiria District" },
        { "code": "PT-11", "name": "Lisbon" },
        { "code": "PT-30", "name": "Madeira" },
        { "code": "PT-12", "name": "Portalegre District" },
        { "code": "PT-13", "name": "Porto District" },
        { "code": "PT-14", "name": "Santarém District" },
        { "code": "PT-15", "name": "Setubal" },
        { "code": "PT-16", "name": "Viana do Castelo District" },
        { "code": "PT-17", "name": "Vila Real District" },
        { "code": "PT-18", "name": "Viseu District" }
      ]
    },
    "PR": { "name": "Puerto Rico", "states": [] },
    "QA": { "name": "Qatar", "states": [] },
    "RO": { "name": "Romania", "states": [] },
    "RU": {
      "name": "Russia",
      "states": [
        { "code": "RU-AD", "name": "Adygea" },
        { "code": "RU-ALT", "name": "Altai Krai" },
        { "code": "RU-AL", "name": "Altai Republic" },
        { "code": "RU-AMU", "name": "Amur Oblast" },
        { "code": "RU-ARK", "name": "Arkhangelsk Oblast" },
        { "code": "RU-AST", "name": "Astrakhan Oblast" },
        { "code": "RU-BEL", "name": "Belgorod Oblast" },
        { "code": "RU-BRY", "name": "Bryansk Oblast" },
        { "code": "RU-BU", "name": "Buryatia" },
        { "code": "RU-CE", "name": "Chechnya" },
        { "code": "RU-CHE", "name": "Chelyabinsk Oblast" },
        { "code": "RU-CHU", "name": "Chukotka Autonomous Okrug" },
        { "code": "RU-CU", "name": "Chuvashia Republic" },
        { "code": "RU-DA", "name": "Dagestan Republic" },
        { "code": "RU-IN", "name": "Ingushetia" },
        { "code": "RU-IRK", "name": "Irkutsk Oblast" },
        { "code": "RU-IVA", "name": "Ivanovo Oblast" },
        { "code": "RU-YEV", "name": "Jewish Autonomous Oblast" },
        { "code": "RU-KB", "name": "Kabardino-Balkaria" },
        { "code": "RU-KGD", "name": "Kaliningradskaya Oblast" },
        { "code": "RU-KL", "name": "Kalmykia" },
        { "code": "RU-KLU", "name": "Kaluzhskaya Oblast" },
        { "code": "RU-KAM", "name": "Kamchatka Krai" },
        { "code": "RU-KC", "name": "Karachay-Cherkessia" },
        { "code": "RU-KEM", "name": "Kemerovskaya Oblast" },
        { "code": "RU-KHA", "name": "Khabarovskiy Kray" },
        { "code": "RU-KK", "name": "Khakassia" },
        { "code": "RU-KHM", "name": "Khanty-Mansi Autonomous Okrug" },
        { "code": "RU-KIR", "name": "Kirovskaya Oblast" },
        { "code": "RU-KO", "name": "Komi Republic" },
        { "code": "RU-KOS", "name": "Kostromskaya Oblast" },
        { "code": "RU-KDA", "name": "Krasnodarskiy Kray" },
        { "code": "RU-KYA", "name": "Krasnoyarsk Krai" },
        { "code": "RU-KGN", "name": "Kurganskaya Oblast" },
        { "code": "RU-KRS", "name": "Kurskaya Oblast" },
        { "code": "RU-LEN", "name": "Leningrad Oblast" },
        { "code": "RU-LIP", "name": "Lipetsk Oblast" },
        { "code": "RU-MAG", "name": "Magadan Oblast" },
        { "code": "RU-ME", "name": "Mari El Republic" },
        { "code": "RU-MO", "name": "Mordovia" },
        { "code": "RU-MOW", "name": "Moscow" },
        { "code": "RU-MOS", "name": "Moskovsky" },
        { "code": "RU-MUR", "name": "Murmansk Oblast" },
        { "code": "RU-NEN", "name": "Nenets Autonomous Okrug" },
        { "code": "RU-NIZ", "name": "Nizhny Novgorod Oblast" },
        { "code": "RU-SE", "name": "North Ossetia–Alania" },
        { "code": "RU-NGR", "name": "Novgorod Oblast" },
        { "code": "RU-NVS", "name": "Novosibirsk Oblast" },
        { "code": "RU-OMS", "name": "Omsk Oblast" },
        { "code": "RU-ORE", "name": "Orenburg Oblast" },
        { "code": "RU-ORL", "name": "Oryol Oblast" },
        { "code": "RU-PNZ", "name": "Penza Oblast" },
        { "code": "RU-PER", "name": "Permskiy Kray" },
        { "code": "RU-PRI", "name": "Primorskiy Kray" },
        { "code": "RU-PSK", "name": "Pskov Oblast" },
        { "code": "RU-BA", "name": "Republic of Bashkortostan" },
        { "code": "RU-KR", "name": "Republic of Karelia" },
        { "code": "RU-TA", "name": "Republic of Tatarstan" },
        { "code": "RU-ROS", "name": "Rostov Oblast" },
        { "code": "RU-RYA", "name": "Ryazan Oblast" },
        { "code": "RU-SPE", "name": "Saint Petersburg" },
        { "code": "RU-SA", "name": "Sakha Republic" },
        { "code": "RU-SAK", "name": "Sakhalin Oblast" },
        { "code": "RU-SAM", "name": "Samara Oblast" },
        { "code": "RU-SAR", "name": "Saratovskaya Oblast" },
        { "code": "RU-SMO", "name": "Smolensky" },
        { "code": "RU-STA", "name": "Stavropol Krai" },
        { "code": "RU-SVE", "name": "Sverdlovsk Oblast" },
        { "code": "RU-TAM", "name": "Tambov Oblast" },
        { "code": "RU-TOM", "name": "Tomsk Oblast" },
        { "code": "RU-TUL", "name": "Tula Oblast" },
        { "code": "RU-TY", "name": "Tuva" },
        { "code": "RU-TVE", "name": "Tver Oblast" },
        { "code": "RU-TYU", "name": "Tyumen Oblast" },
        { "code": "RU-UD", "name": "Udmurtia" },
        { "code": "RU-ULY", "name": "Ulyanovsk Oblast" },
        { "code": "RU-VLA", "name": "Vladimir Oblast" },
        { "code": "RU-VGG", "name": "Volgograd Oblast" },
        { "code": "RU-VLG", "name": "Vologda Oblast" },
        { "code": "RU-VOR", "name": "Voronezh Oblast" },
        { "code": "RU-YAN", "name": "Yamalo-Nenets Autonomous Okrug" },
        { "code": "RU-YAR", "name": "Yaroslavl Oblast" },
        { "code": "RU-ZAB", "name": "Zabaykalsky Krai" }
      ]
    },
    "SA": {
      "name": "Saudi Arabia",
      "states": [
        { "code": "SA-11", "name": "Al Bahah Province" },
        { "code": "SA-12", "name": "Al Jowf" },
        { "code": "SA-03", "name": "Al Madinah Province" },
        { "code": "SA-05", "name": "Al-Qassim" },
        { "code": "SA-14", "name": "Aseer Province" },
        { "code": "SA-04", "name": "Eastern Province" },
        { "code": "SA-06", "name": "Hail Province" },
        { "code": "SA-09", "name": "Jazan" },
        { "code": "SA-02", "name": "Mecca" },
        { "code": "SA-10", "name": "Najran" },
        { "code": "SA-08", "name": "Northern Borders Region" },
        { "code": "SA-01", "name": "Riyadh Province" },
        { "code": "SA-07", "name": "Tabuk Province" }
      ]
    },
    "SN": { "name": "Senegal", "states": [] },
    "RS": { "name": "Serbia", "states": [] },
    "SG": { "name": "Singapore", "states": [] },
    "SK": { "name": "Slovakia", "states": [] },
    "SI": { "name": "Slovenia", "states": [] },
    "ZA": {
      "name": "South Africa",
      "states": [
        { "code": "ZA-EC", "name": "Eastern Cape" },
        { "code": "ZA-FS", "name": "Free State" },
        { "code": "ZA-GT", "name": "Gauteng" },
        { "code": "ZA-NL", "name": "KwaZulu-Natal" },
        { "code": "ZA-LP", "name": "Limpopo" },
        { "code": "ZA-MP", "name": "Mpumalanga" },
        { "code": "ZA-NW", "name": "North West" },
        { "code": "ZA-NC", "name": "Northern Cape" },
        { "code": "ZA-WC", "name": "Western Cape" }
      ]
    },
    "KR": {
      "name": "South Korea",
      "states": [
        { "code": "KR-26", "name": "Busan" },
        { "code": "KR-43", "name": "Chungcheongbuk-do" },
        { "code": "KR-44", "name": "Chungcheongnam-do" },
        { "code": "KR-27", "name": "Daegu" },
        { "code": "KR-30", "name": "Daejeon" },
        { "code": "KR-42", "name": "Gangwon-do" },
        { "code": "KR-29", "name": "Gwangju" },
        { "code": "KR-41", "name": "Gyeonggi-do" },
        { "code": "KR-47", "name": "Gyeongsangbuk-do" },
        { "code": "KR-48", "name": "Gyeongsangnam-do" },
        { "code": "KR-28", "name": "Incheon" },
        { "code": "KR-49", "name": "Jeju-do" },
        { "code": "KR-45", "name": "Jeollabuk-do" },
        { "code": "KR-46", "name": "Jeollanam-do" },
        { "code": "KR-11", "name": "Seoul" },
        { "code": "KR-31", "name": "Ulsan" }
      ]
    },
    "ES": {
      "name": "Spain",
      "states": [
        { "code": "ES-AN", "name": "Andalusia" },
        { "code": "ES-AR", "name": "Aragon" },
        { "code": "ES-AS", "name": "Asturias" },
        { "code": "ES-IB", "name": "Balearic Islands" },
        { "code": "ES-PV", "name": "Basque Country" },
        { "code": "ES-CN", "name": "Canary Islands" },
        { "code": "ES-CB", "name": "Cantabria" },
        { "code": "ES-CL", "name": "Castile and León" },
        { "code": "ES-CM", "name": "Castile-La Mancha" },
        { "code": "ES-CT", "name": "Catalonia" },
        { "code": "ES-CE", "name": "Ceuta" },
        { "code": "ES-MD", "name": "Community of Madrid" },
        { "code": "ES-EX", "name": "Extremadura" },
        { "code": "ES-GA", "name": "Galicia" },
        { "code": "ES-RI", "name": "La Rioja" },
        { "code": "ES-ML", "name": "Melilla" },
        { "code": "ES-NC", "name": "Navarre" },
        { "code": "ES-MC", "name": "Region of Murcia" },
        { "code": "ES-VC", "name": "Valencian Community" }
      ]
    },
    "LK": { "name": "Sri Lanka", "states": [] },
    "SE": {
      "name": "Sweden",
      "states": [
        { "code": "SE-K", "name": "Blekinge County" },
        { "code": "SE-W", "name": "Dalarna County" },
        { "code": "SE-X", "name": "Gavleborg County" },
        { "code": "SE-I", "name": "Gotland County" },
        { "code": "SE-N", "name": "Halland County" },
        { "code": "SE-Z", "name": "Jamtland County" },
        { "code": "SE-F", "name": "Jonkoping County" },
        { "code": "SE-H", "name": "Kalmar County" },
        { "code": "SE-G", "name": "Kronoberg County" },
        { "code": "SE-BD", "name": "Norrbotten County" },
        { "code": "SE-T", "name": "Örebro County" },
        { "code": "SE-E", "name": "Östergötland County" },
        { "code": "SE-M", "name": "Skåne County" },
        { "code": "SE-D", "name": "Södermanland County" },
        { "code": "SE-AB", "name": "Stockholm County" },
        { "code": "SE-C", "name": "Uppsala County" },
        { "code": "SE-S", "name": "Varmland County" },
        { "code": "SE-AC", "name": "Västerbotten County" },
        { "code": "SE-Y", "name": "Västernorrland County" },
        { "code": "SE-U", "name": "Västmanland County" },
        { "code": "SE-O", "name": "Västra Götaland County" }
      ]
    },
    "CH": {
      "name": "Switzerland",
      "states": [
        { "code": "CH-AG", "name": "Aargau" },
        { "code": "CH-AI", "name": "Appenzell Innerrhoden" },
        { "code": "CH-AR", "name": "Appenzell Outer Rhodes" },
        { "code": "CH-BS", "name": "Basel City" },
        { "code": "CH-BL", "name": "Basel-Country" },
        { "code": "CH-BE", "name": "Berne" },
        { "code": "CH-FR", "name": "Canton of Fribourg" },
        { "code": "CH-GL", "name": "Canton of Glarus" },
        { "code": "CH-JU", "name": "Canton of Jura" },
        { "code": "CH-NE", "name": "Canton of Neuchâtel" },
        { "code": "CH-OW", "name": "Canton of Obwalden" },
        { "code": "CH-SH", "name": "Canton of Schaffhausen" },
        { "code": "CH-SZ", "name": "Canton of Schwyz" },
        { "code": "CH-SO", "name": "Canton of Solothurn" },
        { "code": "CH-UR", "name": "Canton of Uri" },
        { "code": "CH-ZG", "name": "Canton of Zug" },
        { "code": "CH-GE", "name": "Geneva" },
        { "code": "CH-GR", "name": "Grisons" },
        { "code": "CH-LU", "name": "Lucerne" },
        { "code": "CH-NW", "name": "Nidwalden" },
        { "code": "CH-SG", "name": "St. Gallen" },
        { "code": "CH-TG", "name": "Thurgau" },
        { "code": "CH-TI", "name": "Ticino" },
        { "code": "CH-VS", "name": "Valais" },
        { "code": "CH-VD", "name": "Vaud" },
        { "code": "CH-ZH", "name": "Zurich" }
      ]
    },
    "SY": { "name": "Syria", "states": [] },
    "TW": {
      "name": "Taiwan",
      "states": [
        { "code": "TW-KHH", "name": "Kaohsiung City" },
        { "code": "TW-TPQ", "name": "New Taipei City" },
        { "code": "TW-TXG", "name": "Taichung City" },
        { "code": "TW-TNN", "name": "Tainan City" },
        { "code": "TW-TPE", "name": "Taipei City" },
        { "code": "TW-TAO", "name": "Taoyuan City" }
      ]
    },
    "TZ": { "name": "Tanzania", "states": [] },
    "TH": { "name": "Thailand", "states": [] },
    "TT": { "name": "Trinidad & Tobago", "states": [] },
    "TN": { "name": "Tunisia", "states": [] },
    "TR": {
      "name": "Türkiye",
      "states": [
        { "code": "TR-01", "name": "Adana" },
        { "code": "TR-02", "name": "Adıyaman Province" },
        { "code": "TR-03", "name": "Afyonkarahisar Province" },
        { "code": "TR-04", "name": "Ağrı" },
        { "code": "TR-68", "name": "Aksaray" },
        { "code": "TR-05", "name": "Amasya Province" },
        { "code": "TR-06", "name": "Ankara" },
        { "code": "TR-07", "name": "Antalya" },
        { "code": "TR-75", "name": "Ardahan Province" },
        { "code": "TR-08", "name": "Artvin" },
        { "code": "TR-09", "name": "Aydın Province" },
        { "code": "TR-10", "name": "Balıkesir Province" },
        { "code": "TR-74", "name": "Bartın Province" },
        { "code": "TR-72", "name": "Batman" },
        { "code": "TR-69", "name": "Bayburt" },
        { "code": "TR-11", "name": "Bilecik" },
        { "code": "TR-12", "name": "Bingöl" },
        { "code": "TR-13", "name": "Bitlis" },
        { "code": "TR-14", "name": "Bolu" },
        { "code": "TR-15", "name": "Burdur Province" },
        { "code": "TR-16", "name": "Bursa" },
        { "code": "TR-17", "name": "Çanakkale Province" },
        { "code": "TR-18", "name": "Çankırı" },
        { "code": "TR-19", "name": "Çorum Province" },
        { "code": "TR-20", "name": "Denizli" },
        { "code": "TR-21", "name": "Diyarbakır" },
        { "code": "TR-81", "name": "Düzce" },
        { "code": "TR-22", "name": "Edirne" },
        { "code": "TR-23", "name": "Elazığ" },
        { "code": "TR-24", "name": "Erzincan" },
        { "code": "TR-25", "name": "Erzurum" },
        { "code": "TR-26", "name": "Eskişehir Province" },
        { "code": "TR-27", "name": "Gaziantep" },
        { "code": "TR-28", "name": "Giresun" },
        { "code": "TR-29", "name": "Gümüşhane" },
        { "code": "TR-30", "name": "Hakkâri" },
        { "code": "TR-31", "name": "Hatay" },
        { "code": "TR-76", "name": "Iğdır" },
        { "code": "TR-32", "name": "Isparta Province" },
        { "code": "TR-34", "name": "İstanbul" },
        { "code": "TR-35", "name": "İzmir" },
        { "code": "TR-46", "name": "Kahramanmaraş" },
        { "code": "TR-78", "name": "Karabük" },
        { "code": "TR-70", "name": "Karaman" },
        { "code": "TR-36", "name": "Kars" },
        { "code": "TR-37", "name": "Kastamonu" },
        { "code": "TR-38", "name": "Kayseri Province" },
        { "code": "TR-79", "name": "Kilis" },
        { "code": "TR-71", "name": "Kırıkkale" },
        { "code": "TR-39", "name": "Kırklareli" },
        { "code": "TR-40", "name": "Kırşehir" },
        { "code": "TR-41", "name": "Kocaeli" },
        { "code": "TR-42", "name": "Konya" },
        { "code": "TR-43", "name": "Kütahya" },
        { "code": "TR-44", "name": "Malatya" },
        { "code": "TR-45", "name": "Manisa" },
        { "code": "TR-47", "name": "Mardin" },
        { "code": "TR-33", "name": "Mersin Province" },
        { "code": "TR-48", "name": "Muğla" },
        { "code": "TR-49", "name": "Muş" },
        { "code": "TR-50", "name": "Nevşehir" },
        { "code": "TR-51", "name": "Niigde" },
        { "code": "TR-52", "name": "Ordu" },
        { "code": "TR-80", "name": "Osmaniye" },
        { "code": "TR-53", "name": "Rize" },
        { "code": "TR-54", "name": "Sakarya" },
        { "code": "TR-55", "name": "Samsun" },
        { "code": "TR-63", "name": "Şanlıurfa Province" },
        { "code": "TR-56", "name": "Siirt Province" },
        { "code": "TR-57", "name": "Sinop Province" },
        { "code": "TR-58", "name": "Sivas" },
        { "code": "TR-73", "name": "Şırnak" },
        { "code": "TR-59", "name": "Tekirdağ" },
        { "code": "TR-60", "name": "Tokat" },
        { "code": "TR-61", "name": "Trabzon" },
        { "code": "TR-62", "name": "Tunceli" },
        { "code": "TR-64", "name": "Uşak" },
        { "code": "TR-65", "name": "Van" },
        { "code": "TR-77", "name": "Yalova Province" },
        { "code": "TR-66", "name": "Yozgat" },
        { "code": "TR-67", "name": "Zonguldak" }
      ]
    },
    "TM": { "name": "Turkmenistan", "states": [] },
    "UG": { "name": "Uganda", "states": [] },
    "UA": {
      "name": "Ukraine",
      "states": [
        { "code": "UA-71", "name": "Cherkasy Oblast" },
        { "code": "UA-74", "name": "Chernihiv Oblast" },
        { "code": "UA-77", "name": "Chernivets'ka oblast" },
        { "code": "UA-43", "name": "Crimea" },
        { "code": "UA-12", "name": "Dnipropetrovska" },
        { "code": "UA-14", "name": "Donetska" },
        { "code": "UA-26", "name": "Ivano-Frankivska" },
        { "code": "UA-63", "name": "Kharkivska" },
        { "code": "UA-65", "name": "Kherson Oblast" },
        { "code": "UA-68", "name": "Khmelnytska" },
        { "code": "UA-35", "name": "Kirovohradska" },
        { "code": "UA-30", "name": "Kyiv city" },
        { "code": "UA-32", "name": "Kyivs'ka oblast" },
        { "code": "UA-09", "name": "Luhansk Oblast" },
        { "code": "UA-46", "name": "Lvivska" },
        { "code": "UA-48", "name": "Mykolaivs'ka oblast" },
        { "code": "UA-51", "name": "Odessa Oblast" },
        { "code": "UA-53", "name": "Poltava Oblast" },
        { "code": "UA-56", "name": "Rivne Oblast" },
        { "code": "UA-40", "name": "Sevastopol' city" },
        { "code": "UA-59", "name": "Sumska" },
        { "code": "UA-61", "name": "Ternopil Oblast" },
        { "code": "UA-05", "name": "Vinnytsia Oblast" },
        { "code": "UA-07", "name": "Volyn Oblast" },
        { "code": "UA-21", "name": "Zakarpatska" },
        { "code": "UA-23", "name": "Zaporizka" },
        { "code": "UA-18", "name": "Zhytomyrska" }
      ]
    },
    "AE": {
      "name": "United Arab Emirates",
      "states": [
        { "code": "AE-AZ", "name": "Abu Dhabi" },
        { "code": "AE-AJ", "name": "Ajman" },
        { "code": "AE-DU", "name": "Dubai" },
        { "code": "AE-FU", "name": "Fujairah" },
        { "code": "AE-RK", "name": "Ras al Khaimah" },
        { "code": "AE-SH", "name": "Sharjah" },
        { "code": "AE-UQ", "name": "Umm Al Quwain" }
      ]
    },
    "GB": {
      "name": "United Kingdom",
      "states": [
        { "code": "GB-ENG", "name": "England" },
        { "code": "GB-NIR", "name": "Northern Ireland" },
        { "code": "GB-SCT", "name": "Scotland" },
        { "code": "GB-WLS", "name": "Wales" }
      ]
    },
    "US": {
      "name": "United States",
      "states": [
        { "code": "US-AL", "name": "Alabama" },
        { "code": "US-AK", "name": "Alaska" },
        { "code": "US-AZ", "name": "Arizona" },
        { "code": "US-AR", "name": "Arkansas" },
        { "code": "US-CA", "name": "California" },
        { "code": "US-CO", "name": "Colorado" },
        { "code": "US-CT", "name": "Connecticut" },
        { "code": "US-DE", "name": "Delaware" },
        { "code": "US-DC", "name": "District of Columbia" },
        { "code": "US-FL", "name": "Florida" },
        { "code": "US-GA", "name": "Georgia" },
        { "code": "US-HI", "name": "Hawaii" },
        { "code": "US-ID", "name": "Idaho" },
        { "code": "US-IL", "name": "Illinois" },
        { "code": "US-IN", "name": "Indiana" },
        { "code": "US-IA", "name": "Iowa" },
        { "code": "US-KS", "name": "Kansas" },
        { "code": "US-KY", "name": "Kentucky" },
        { "code": "US-LA", "name": "Louisiana" },
        { "code": "US-ME", "name": "Maine" },
        { "code": "US-MD", "name": "Maryland" },
        { "code": "US-MA", "name": "Massachusetts" },
        { "code": "US-MI", "name": "Michigan" },
        { "code": "US-MN", "name": "Minnesota" },
        { "code": "US-MS", "name": "Mississippi" },
        { "code": "US-MO", "name": "Missouri" },
        { "code": "US-MT", "name": "Montana" },
        { "code": "US-NE", "name": "Nebraska" },
        { "code": "US-NV", "name": "Nevada" },
        { "code": "US-NH", "name": "New Hampshire" },
        { "code": "US-NJ", "name": "New Jersey" },
        { "code": "US-NM", "name": "New Mexico" },
        { "code": "US-NY", "name": "New York" },
        { "code": "US-NC", "name": "North Carolina" },
        { "code": "US-ND", "name": "North Dakota" },
        { "code": "US-OH", "name": "Ohio" },
        { "code": "US-OK", "name": "Oklahoma" },
        { "code": "US-OR", "name": "Oregon" },
        { "code": "US-PA", "name": "Pennsylvania" },
        { "code": "US-RI", "name": "Rhode Island" },
        { "code": "US-SC", "name": "South Carolina" },
        { "code": "US-SD", "name": "South Dakota" },
        { "code": "US-TN", "name": "Tennessee" },
        { "code": "US-TX", "name": "Texas" },
        { "code": "US-UT", "name": "Utah" },
        { "code": "US-VT", "name": "Vermont" },
        { "code": "US-VA", "name": "Virginia" },
        { "code": "US-WA", "name": "Washington" },
        { "code": "US-WV", "name": "West Virginia" },
        { "code": "US-WI", "name": "Wisconsin" },
        { "code": "US-WY", "name": "Wyoming" }
      ]
    },
    "UY": {
      "name": "Uruguay",
      "states": [
        { "code": "UY-AR", "name": "Artigas Department" },
        { "code": "UY-CA", "name": "Canelones Department" },
        { "code": "UY-CL", "name": "Cerro Largo Department" },
        { "code": "UY-CO", "name": "Colonia" },
        { "code": "UY-DU", "name": "Durazno Department" },
        { "code": "UY-FS", "name": "Flores Department" },
        { "code": "UY-FD", "name": "Florida Department" },
        { "code": "UY-LA", "name": "Lavalleja Department" },
        { "code": "UY-MA", "name": "Maldonado Department" },
        { "code": "UY-MO", "name": "Montevideo Department" },
        { "code": "UY-PA", "name": "Paysandú Department" },
        { "code": "UY-RN", "name": "Río Negro Department" },
        { "code": "UY-RV", "name": "Rivera Department" },
        { "code": "UY-RO", "name": "Rocha Department" },
        { "code": "UY-SA", "name": "Salto" },
        { "code": "UY-SJ", "name": "San José" },
        { "code": "UY-SO", "name": "Soriano Department" },
        { "code": "UY-TA", "name": "Tacuarembó Department" },
        { "code": "UY-TT", "name": "Treinta y Tres Department" }
      ]
    },
    "UZ": { "name": "Uzbekistan", "states": [] },
    "VE": { "name": "Venezuela", "states": [] },
    "VN": {
      "name": "Vietnam",
      "states": [
        { "code": "VN-44", "name": "An Giang Province" },
        { "code": "VN-43", "name": "Ba Ria - Vung Tau" },
        { "code": "VN-54", "name": "Bac Giang" },
        { "code": "VN-53", "name": "Bắc Kạn Province" },
        { "code": "VN-55", "name": "Bac Lieu" },
        { "code": "VN-56", "name": "Bac Ninh Province" },
        { "code": "VN-50", "name": "Ben Tre" },
        { "code": "VN-31", "name": "Binh Dinh Province" },
        { "code": "VN-57", "name": "Binh Duong" },
        { "code": "VN-58", "name": "Binh Phuoc" },
        { "code": "VN-40", "name": "Bình Thuận Province" },
        { "code": "VN-59", "name": "Ca Mau" },
        { "code": "VN-CT", "name": "Cần Thơ" },
        { "code": "VN-04", "name": "Cao Bang" },
        { "code": "VN-DN", "name": "Da Nang" },
        { "code": "VN-33", "name": "Đắk Lắk Province" },
        { "code": "VN-72", "name": "Dak Nong" },
        { "code": "VN-71", "name": "Dien Bien" },
        { "code": "VN-39", "name": "Dong Nai" },
        { "code": "VN-45", "name": "Đồng Tháp Province" },
        { "code": "VN-30", "name": "Gia Lai Province" },
        { "code": "VN-03", "name": "Hà Giang" },
        { "code": "VN-63", "name": "Hà Nam" },
        { "code": "VN-23", "name": "Ha Tinh Province" },
        { "code": "VN-61", "name": "Hai Duong" },
        { "code": "VN-HP", "name": "Haiphong" },
        { "code": "VN-HN", "name": "Hanoi" },
        { "code": "VN-73", "name": "Hau Giang" },
        { "code": "VN-SG", "name": "Ho Chi Minh" },
        { "code": "VN-14", "name": "Hoa Binh" },
        { "code": "VN-66", "name": "Hung Yen Province" },
        { "code": "VN-34", "name": "Khanh Hoa Province" },
        { "code": "VN-47", "name": "Kien Giang" },
        { "code": "VN-28", "name": "Kon Tum Province" },
        { "code": "VN-01", "name": "Lai Chau" },
        { "code": "VN-35", "name": "Lâm Đồng" },
        { "code": "VN-09", "name": "Lạng Sơn" },
        { "code": "VN-02", "name": "Lao Cai" },
        { "code": "VN-41", "name": "Long An Province" },
        { "code": "VN-67", "name": "Nam Định" },
        { "code": "VN-22", "name": "Nghe An" },
        { "code": "VN-18", "name": "Ninh Bình Province" },
        { "code": "VN-36", "name": "Ninh Thuan Province" },
        { "code": "VN-68", "name": "Phu Tho Province" },
        { "code": "VN-32", "name": "Phú Yên Province" },
        { "code": "VN-24", "name": "Quang Binh Province" },
        { "code": "VN-27", "name": "Quang Nam Province" },
        { "code": "VN-29", "name": "Quang Ngai" },
        { "code": "VN-13", "name": "Quảng Ninh Province" },
        { "code": "VN-25", "name": "Quảng Trị Province" },
        { "code": "VN-52", "name": "Soc Trang" },
        { "code": "VN-05", "name": "Son La" },
        { "code": "VN-37", "name": "Tây Ninh Province" },
        { "code": "VN-20", "name": "Thái Bình" },
        { "code": "VN-69", "name": "Thai Nguyen" },
        { "code": "VN-21", "name": "Thanh Hoa" },
        { "code": "VN-26", "name": "Thua Thien Hue" },
        { "code": "VN-46", "name": "Tien Giang" },
        { "code": "VN-51", "name": "Tra Vinh" },
        { "code": "VN-07", "name": "Tuyên Quang" },
        { "code": "VN-49", "name": "Vinh Long" },
        { "code": "VN-70", "name": "Vinh Phuc Province" },
        { "code": "VN-06", "name": "Yên Bái" }
      ]
    },
    "YE": { "name": "Yemen", "states": [] },
    "ZM": { "name": "Zambia", "states": [] },
    "ZW": { "name": "Zimbabwe", "states": [] }
  }
}
